category,id,emoji,pt-br,en,de
animais,animal_001,🐘,Elefante,Elephant,Elefant
animais,animal_002,🦁,Leão,Lion,Löwe
animais,animal_003,🦒,Girafa,Giraffe,Giraffe
animais,animal_004,🦓,Zebra,Zebra,Zebra
animais,animal_005,🐶,Cachorro,Dog,Hund
animais,animal_006,🐱,Gato,Cat,Katze
animais,animal_007,🐰,Coelho,Rabbit,Hase
animais,animal_008,🐻,Urso,Bear,Bär
animais,animal_009,🐧,Pinguim,Penguin,Pinguin
animais,animal_010,🐬,Golfinho,Dolphin,Delfin
animais,animal_011,🐒,Macaco,Monkey,Affe
animais,animal_012,🐢,Tartaruga,Turtle,Schildkröte
animais,animal_013,🦆,Pato,Duck,Ente
animais,animal_014,🐦,Pássaro,Bird,Vogel
animais,animal_015,🐟,Peixe,Fish,Fisch
animais,animal_016,🐍,Cobra,Snake,Schlange
animais,animal_017,🐄,Vaca,Cow,Kuh
animais,animal_018,🐔,Galinha,Chicken,Huhn
animais,animal_019,🐷,Porco,Pig,Schwein
animais,animal_020,🦍,Gorila,Gorilla,Gorilla
animais,animal_021,🦈,Tubarão,Shark,Hai
animais,animal_022,🦉,Coruja,Owl,Eule
animais,animal_023,🐋,Baleia,Whale,Wal
objetos,obj_001,🪑,Cadeira,Chair,Stuhl
objetos,obj_002,🛏️,Cama,Bed,Bett
objetos,obj_003,📚,Livro,Book,Buch
objetos,obj_004,✏️,Lápis,Pencil,Bleistift
objetos,obj_005,🖊️,Caneta,Pen,Stift
objetos,obj_006,🎒,Mochila,Backpack,Rucksack
objetos,obj_007,⚽,Bola,Ball,Ball
objetos,obj_008,🚗,Carro,Car,Auto
objetos,obj_009,🚲,Bicicleta,Bicycle,Fahrrad
objetos,obj_010,🏠,Casa,House,Haus
objetos,obj_011,☎️,Telefone,Phone,Telefon
objetos,obj_012,💻,Computador,Computer,Computer
objetos,obj_013,🛋️,Sofá,Sofa,Sofa
objetos,obj_014,💡,Lâmpada,Lamp,Lampe
objetos,obj_015,🛩️,Avião,Airplane,Flugzeug
natureza,nat_001,🌳,Árvore,Tree,Baum
natureza,nat_002,🌸,Flor,Flower,Blume
natureza,nat_003,☀️,Sol,Sun,Sonne
natureza,nat_004,🌙,Lua,Moon,Mond
natureza,nat_005,⭐,Estrela,Star,Stern
natureza,nat_006,🌈,Arco-íris,Rainbow,Regenbogen
natureza,nat_007,☁️,Nuvem,Cloud,Wolke
natureza,nat_008,🌊,Onda,Wave,Welle
natureza,nat_009,⛰️,Montanha,Mountain,Berg
natureza,nat_010,🌋,Vulcão,Volcano,Vulkan
natureza,nat_011,🌵,Cacto,Cactus,Kaktus
natureza,nat_012,🍄,Cogumelo,Mushroom,Pilz
natureza,nat_013,❄️,Neve,Snow,Schnee
alimentos,ali_001,🍎,Maçã,Apple,Apfel
alimentos,ali_002,🍌,Banana,Banana,Banane
alimentos,ali_003,🍊,Laranja,Orange,Orange
alimentos,ali_004,🍓,Morango,Strawberry,Erdbeere
alimentos,ali_005,🍇,Uva,Grapes,Trauben
alimentos,ali_006,🍉,Melancia,Watermelon,Wassermelone
alimentos,ali_007,🍋,Limão,Lemon,Zitrone
alimentos,ali_008,🥕,Cenoura,Carrot,Karotte
alimentos,ali_009,🌽,Milho,Corn,Mais
alimentos,ali_010,🍕,Pizza,Pizza,Pizza
alimentos,ali_011,🍞,Pão,Bread,Brot
alimentos,ali_012,🥚,Ovo,Egg,Ei
alimentos,ali_013,🍦,Sorvete,Ice cream,Eis
alimentos,ali_014,🍿,Pipoca,Popcorn,Popcorn
alimentos,ali_015,🍯,Mel,Honey,Honig
insetos,inseto_001,🦗,Grilo,Cricket,Grille
insetos,inseto_002,🪲,Besouro,Beetle,Käfer
insetos,inseto_003,🐞,Joaninha,Ladybug,Marienkäfer
insetos,inseto_004,🕷️,Aranha,Spider,Spinne
insetos,inseto_005,🐝,Abelha,Bee,Biene
insetos,inseto_006,🦋,Borboleta,Butterfly,Schmetterling
insetos,inseto_007,🐜,Formiga,Ant,Ameise
insetos,inseto_008,🦂,Escorpião,Scorpion,Skorpion
insetos,inseto_009,🐛,Lagarta,Caterpillar,Raupe
insetos,inseto_010,🪱,Minhoca,Worm,Regenwurm
numeros,num_001,0️⃣,Zero,Zero,Null
numeros,num_002,1️⃣,Um,One,Eins
numeros,num_003,2️⃣,Dois,Two,Zwei
numeros,num_004,3️⃣,Três,Three,Drei
numeros,num_005,4️⃣,Quatro,Four,Vier
numeros,num_006,5️⃣,Cinco,Five,Fünf
numeros,num_007,6️⃣,Seis,Six,Sechs
numeros,num_008,7️⃣,Sete,Seven,Sieben
numeros,num_009,8️⃣,Oito,Eight,Acht
numeros,num_010,9️⃣,Nove,Nine,Neun
numeros,num_011,🔟,Dez,Ten,Zehn
letras,letra_A,🔤,A,A,A
letras,letra_B,🔤,B,B,B
letras,letra_C,🔤,C,C,C
letras,letra_D,🔤,D,D,D
letras,letra_E,🔤,E,E,E
letras,letra_F,🔤,F,F,F
letras,letra_G,🔤,G,G,G
letras,letra_H,🔤,H,H,H
letras,letra_I,🔤,I,I,I
letras,letra_J,🔤,J,J,J
letras,letra_K,🔤,K,K,K
letras,letra_L,🔤,L,L,L
letras,letra_M,🔤,M,M,M
letras,letra_N,🔤,N,N,N
letras,letra_O,🔤,O,O,O
letras,letra_P,🔤,P,P,P
letras,letra_Q,🔤,Q,Q,Q
letras,letra_R,🔤,R,R,R
letras,letra_S,🔤,S,S,S
letras,letra_T,🔤,T,T,T
letras,letra_U,🔤,U,U,U
letras,letra_V,🔤,V,V,V
letras,letra_W,🔤,W,W,W
letras,letra_X,🔤,X,X,X
letras,letra_Y,🔤,Y,Y,Y
letras,letra_Z,🔤,Z,Z,Z
